{"cameraMode":{"drawMode":0,"name":"Shaded","section":"Shading Mode"},"sceneLighting":true,"audioPlay":false,"sceneViewState":{"showFog":true,"showMaterialUpdate":false,"showSkybox":true,"showFlares":true,"showImageEffects":true,"showParticleSystems":true},"in2DMode":false,"pivot":{"x":-3.587264060974121,"y":1.8764667510986329,"z":0.07828140258789063},"rotation":{"x":0.18802410364151,"y":-0.2641603946685791,"z":0.05258691683411598,"w":0.9445108771324158},"size":22.0,"orthographic":false}